Date,IBM,MSFT,HD,XOM,AAPL
6/3/2008,0.003732293,-0.017779534,0.00591466,-0.023974763,-0.003885591
6/4/2008,-0.002281754,0.008447305,0.002939941,0.00051713,-0.000975187
6/5/2008,0.007284432,0.027522936,0.02721943,0.041478227,0.022885033
6/6/2008,-0.027497477,-0.028338509,-0.026498166,-0.028163772,-0.019987276
6/9/2008,0.007349762,0.007990412,-0.023450586,0.026171326,-0.021747363
6/10/2008,0.000600858,0.006341657,0.006432247,-0.01318736,0.022230825
6/11/2008,-0.021360556,-0.027569909,-0.029825309,0.008194655,-0.026021098
6/12/2008,0.004908836,0.041312272,0.021958718,-0.017506565,-0.041768496
6/13/2008,0.018579902,0.029560482,0.039535883,0.01489118,-0.005158822
6/16/2008,0.004453199,-0.00491122,-0.000826788,-0.00413845,0.025927868
6/17/2008,-0.012703555,-0.004555809,-0.023169218,0.007177937,0.025954112
6/18/2008,-0.007512953,-0.011823036,-0.011859382,-0.009002251,-0.014724606
6/19/2008,0.006873749,0.016595909,0.023574796,-0.023214736,0.012023147
6/20/2008,-0.018233667,-0.024297646,-0.033919598,-0.010204082,-0.031144174
6/23/2008,0.005897368,-0.009338521,-0.045513654,0.032885293,-0.012033005
6/24/2008,0,-0.008248233,0.009990917,-0.00897031,0.000521981
6/25/2008,0.009100455,0.022178218,0.006294964,0.007904131,0.023882673
6/26/2008,-0.027748873,-0.02130957,-0.031724754,-0.013660511,-0.051463511
6/27/2008,-0.008919015,-0.004354711,-0.025842178,0.001667094,0.010863077
6/30/2008,-0.012598992,-0.003976143,-0.025106585,0.018307515,-0.015588096
7/1/2008,0.006197594,-0.023552894,-0.008746356,0.002388735,0.043246161
7/2/2008,-0.001449275,-0.036794767,-0.029901961,-0.010535558,-0.037198873
7/3/2008,0.003719158,0.003820034,0.001010611,0.009760426,0.01152514
7/7/2008,0.016357885,0.002114165,-0.010095911,-0.014938489,0.029635752
7/8/2008,0.019651432,-0.007172996,0.03263641,-0.011596789,0.025055903
7/9/2008,-0.028080579,-0.023799405,-0.029135802,-0.018953069,-0.02947757
7/10/2008,0.023059668,0.008707009,-0.022380468,0.020764884,0.013601522
7/11/2008,-0.008594983,-0.007768666,-0.013527575,-0.006823741,-0.022914653
7/14/2008,-0.00477707,-0.003914746,-0.002109705,-0.000648172,0.007565177
7/15/2008,0.013688889,0.039737991,-0.003171247,-0.037877805,-0.024431096
7/16/2008,0.022185198,0.042419152,0.056733828,-0.01671835,0.018708188
7/17/2008,0.00463241,0.00926672,0.031108881,-0.005896065,-0.005753472
7/18/2008,0.026641619,-0.060279441,0.00243309,0.015034483,-0.038812252
7/21/2008,-0.009481826,-0.008496177,-0.013592233,0.017665444,0.00693262
7/22/2008,0.010412293,0.006426735,0.035925197,-0.001468821,-0.025667351
7/23/2008,-0.003656611,0.024265645,0.045130641,-0.022599626,0.026157565
7/24/2008,0.003670031,-0.037406484,-0.040454545,-0.0023259,-0.043491392
7/25/2008,-0.011302252,0.028497409,-0.009474183,0.011108064,0.019450584
7/28/2008,-0.017735564,-0.025188917,-0.026781444,-0.01247796,-0.047636747
7/29/2008,0.011209995,0.023686477,0.050614251,0.002746875,0.017366983
7/30/2008,0.009393247,0.004627682,-0.024321796,0.043007807,0.017837734
7/31/2008,-0.006874581,-0.019262982,0.003835091,-0.046749836,-0.005841709
8/1/2008,-0.010467668,-0.011101623,0.00286533,-0.008816641,-0.014405762
8/4/2008,0.007251322,-0.006044905,-0.00047619,-0.039193885,-0.021924482
8/5/2008,0.010332853,0.036490009,0.041924726,0.02285549,0.048371239
8/6/2008,0.006119541,0.03101425,0.000457247,-0.000282845,0.022131916
8/7/2008,-0.000833194,0.013821138,-0.01691042,-0.011317018,-0.003792281
8/8/2008,-0.001834556,0.026864475,0.077173408,0.016454428,0.036593602
8/11/2008,-0.017209691,-0.008199922,0.043159258,-0.001970721,0.023633241
8/12/2008,-0.010880653,0.007874016,-0.000827472,-0.016361072,0.018227057
8/13/2008,0.00464077,-0.007421875,-0.035196687,0.016776599,0.014547934
8/14/2008,0.009067579,-1.11E-16,0.024892704,-0.009307573,0.000112026
8/15/2008,-0.004577823,-0.003541913,0.012981575,-0.004839858,-0.019938393
8/18/2008,-0.014052121,-0.004344392,-0.020669698,-0.007009012,-0.002000114
8/19/2008,-0.016239095,-0.009520032,-0.037146475,0.018582541,-0.01059322
8/20/2008,-0.00043902,-0.001201442,0.000438404,0.011030972,0.013310955
8/21/2008,0.003952916,-0.004009623,0.023225241,0.019443279,-0.00885259
8/22/2008,0.015749409,0.024557166,0.02012848,-0.000548847,0.014348277
8/25/2008,-0.016538892,-0.006679764,-0.020151134,-0.019769357,-0.023973186
8/26/2008,-0.002978015,-0.013844937,0.017137961,0.015686275,0.006344217
8/27/2008,0.007203725,0.010429202,0.00589722,0.006480971,0.005899364
8/28/2008,0.00968164,0.013894403,0.00921273,0.008905329,-0.005289788
8/29/2008,-0.022805805,-0.023492561,-0.01120332,-0.014394351,-0.024219653
9/2/2008,-0.027316124,-0.006816359,0.043642467,-0.033618077,-0.01972632
9/3/2008,-0.000545306,-0.007266855,0.045034178,0.008982036,0.00465313
9/4/2008,-0.02828044,-0.020333469,-0.025779146,-0.024021478,-0.034406015
9/5/2008,-0.005801984,-0.02656704,0.000394945,-0.006949472,-0.006416246
9/8/2008,0.025884789,0.018336887,0.054875642,0.015308354,-0.014169279
9/9/2008,-0.019176071,-0.000837521,-0.033308383,-0.045807007,-0.039493767
9/10/2008,0.026099158,0.012992456,-0.001548587,0.027238525,-0.000463484
9/11/2008,0.009845929,0.033926355,0.013571152,0.004101963,0.006889242
9/12/2008,-0.001986097,0.010404162,-0.023718439,0.025678436,-0.024342105
9/15/2008,-0.031750339,-0.029306931,-0.010579937,-0.054907539,-0.057585974
9/16/2008,0.007473842,-0.030599755,-0.032079208,0.043497893,-0.003434459
9/17/2008,-0.039502967,-0.054713805,-0.071194763,-0.015000721,-0.086157381
9/18/2008,0.032728326,0.028049866,0.051982379,0.032801289,0.04902577
9/19/2008,0.032439002,-0.003897791,0.015494137,0.023819651,0.050853805
9/22/2008,-0.022183991,0.009565217,-0.063917526,-0.009140008,-0.069987884
9/23/2008,-0.007315492,0.00129199,-0.014096916,-0.01509434,-0.03210974
9/24/2008,0.009514925,0.011182796,-0.009383378,0.004399035,0.014726841
9/25/2008,0.031325079,0.034453424,0.031123139,0.033766601,0.025046816
9/26/2008,-0.005734253,0.030016447,0.025809274,-0.000136668,-0.028012484
9/29/2008,-0.041542759,-0.08742515,-0.055863539,-0.081738655,-0.179183961
9/30/2008,0.021812712,0.067366579,0.036133695,0.048526347,0.079763381
10/1/2008,-0.0583364,-0.008196721,0.001307759,0.011925043,-0.039939913
10/2/2008,-0.048954466,-0.008677686,-0.040922943,-0.013748597,-0.082650713
10/3/2008,-0.012431933,0.002917882,-0.042215161,0.0056899,-0.030199659
10/6/2008,-0.027257595,-0.05361596,-0.041706161,-0.007920792,0.010966274
10/7/2008,-0.049411765,-0.06763285,-0.040553907,-0.016253208,-0.091485878
10/8/2008,-0.053330333,-0.009420631,-0.032989691,0.012318841,0.007096193
10/9/2008,-0.017114333,-0.030908226,-0.058635394,-0.116964925,-0.011743653
10/10/2008,-0.014026602,-0.035819431,-0.009060023,-0.082846952,0.090878225
10/13/2008,0.050772627,0.186259542,0.099428571,0.171822521,0.13901857
10/14/2008,0.015172736,-0.054912055,-0.02962578,-0.00844773,-0.056016031
10/15/2008,-0.056794665,-0.059918293,-0.05891805,-0.139510117,-0.058954072
10/16/2008,0.036567528,0.067600193,-0.006260672,0.113861386,0.040192761
10/17/2008,-0.007996237,-0.010854817,0.025773196,-0.02031746,-0.044061114
10/20/2008,0.018966335,0.033379058,0.027917365,0.102073882,0.010723861
10/21/2008,-0.039436947,-0.055309735,-0.01249321,-0.046456924,-0.070597837
10/22/2008,-0.059222478,-0.078220141,-0.051155116,-0.096978107,0.058836443
10/23/2008,0.009011329,0.036585366,-0.020869565,0.09014854,0.013995439
10/24/2008,-0.027047716,-0.016176471,-0.029011249,-0.019107283,-0.018811982
10/27/2008,-0.029373197,-0.035376183,0.02195122,-0.042790995,-0.044493071
10/28/2008,0.095649824,0.090392562,0.140214797,0.132610509,0.084841876
10/29/2008,0.010604192,-0.004263382,0.003663004,-0.002798233,0.046441496
10/30/2008,0.02818448,-0.016175071,0.049530761,0.005464481,0.062151777
10/31/2008,0.025157233,-0.013056093,0.038251366,-0.012485311,-0.031111513
11/3/2008,-0.003125362,0.013228809,-0.057894737,0.00237989,-0.005880706
11/4/2008,0.007779842,0.040135397,0.05281869,0.043033091,0.037746479
11/5/2008,-0.036985828,-0.061831706,-0.053063193,-0.049082373,-0.069308722
11/6/2008,-0.047977985,-0.054013875,-0.05501783,-0.050568522,-0.04063776
11/7/2008,0.013070253,0.02933473,0.005929919,0.063031831,-0.008715039
11/10/2008,-0.027788116,-0.009160305,-0.015005359,0.001037652,-0.024023717
11/11/2008,-0.013525584,-0.004622496,-0.011425462,-0.018510292,-0.011626689
11/12/2008,-0.036217824,-0.042311662,-0.034672537,-0.051146651,-0.049067401
11/13/2008,0.056099852,0.046336207,0.123147092,0.093973605,0.070210632
11/14/2008,-0.046130385,-0.05561277,-0.076142132,-0.022965116,-0.064354889
11/17/2008,-0.035438316,-0.037077426,-0.026373626,-0.004165427,-0.023260991
11/18/2008,0.033563536,0.022650057,0.035553047,0.040334628,0.020168642
11/19/2008,-0.051316317,-0.068106312,-0.045776567,-0.038196439,-0.04032168
11/20/2008,-0.05564164,-0.041592395,-0.062821245,-0.066885638,-0.067155493
11/21/2008,0.043705251,0.122752635,0.041438147,0.10656,0.025951341
11/24/2008,0.066885808,0.051352844,0.110590989,0.039473684,0.125501642
11/25/2008,0.009511052,-0.033613445,0.038988409,-0.008763389,-0.023122636
11/26/2008,0.012738854,0.025,0.05831643,0.03564412,0.046233824
11/28/2008,-0.000917191,-0.013255567,-0.018687111,-0.009214092,-0.024526906
12/1/2008,-0.05757377,-0.079527136,-0.082519531,-0.072893873,-0.040316463
12/2/2008,0.038268856,0.028604787,0.041511442,0.044401829,0.039751553
12/3/2008,0.010320332,0.038024972,0.041389882,0.017090395,0.03714565
12/4/2008,-0.040063677,-0.03827228,0.02060844,-0.033745313,-0.046811184
12/5/2008,0.04076838,0.039795338,0.050480769,0.004311584,0.028345419
12/8/2008,0.052981012,0.056861673,-0.005949657,0.039210074,0.060790598
12/9/2008,-0.025598991,-0.019141231,-0.043278085,-0.017625998,0.003424313
12/10/2008,0.002070661,0.000527426,0.0466795,0.023969722,-0.018468333
12/11/2008,-0.027508718,-0.05640485,-0.053333333,-0.000684463,-0.032723182
12/12/2008,0.020053121,-0.004469274,0.020883924,0.005342466,0.034464531
12/15/2008,0.006900143,-0.016835017,-0.002378687,-0.006131626,-0.035871231
12/16/2008,0.043832428,0.056506849,0.038626609,0.039895805,0.007207971
12/17/2008,-0.006441224,-0.022690438,0.015610652,-0.02504944,-0.065670385
12/18/2008,-0.02144371,-0.018242123,-0.00994575,-0.050033807,0.003041226
12/19/2008,-0.005733214,-0.009009009,-0.009589041,-0.025765125,0.006400898
12/22/2008,-0.018323936,0.002840909,-0.020285846,-0.001461134,-0.04742245
12/23/2008,-0.016838533,0.00509915,-0.004705882,0.002487562,0.007496779
12/24/2008,-0.001062135,-0.005636979,0.004728132,0.009049774,-0.015463318
12/26/2008,0.01010101,-0.002267574,-0.007058824,0.018660495,0.008974965
12/29/2008,-0.001052632,-0.008522727,-0.008530806,0.010792389,0.009363296
12/30/2008,0.028319283,0.020057307,-0.010516252,0.007305423,-0.003710575
12/31/2008,0.00730114,0.00505618,-0.003864734,0.015760112,-0.010824022
1/2/2009,0.038148525,0.045835662,0.048011639,0.022655499,0.063183904
1/5/2009,-0.006246938,0.00908605,0.024062934,-0.000134264,0.042275343
1/6/2009,0.027733268,0.011652542,0.022141889,-0.016248154,-0.016564026
1/7/2009,-0.016190933,-0.060209424,-0.026967286,-0.025525526,-0.021593608
1/8/2009,-0.006948677,0.031754875,-0.007723762,0.010645749,0.018538954
1/9/2009,-0.028357476,-0.030237581,-0.021520147,-0.019126819,-0.022860238
1/12/2009,0.011876184,-0.002227171,-0.037435657,-0.013282464,-0.021177514
1/13/2009,-0.004370084,0.017857143,-0.01993194,0.018043821,-0.010647938
1/14/2009,-0.025081515,-0.036732456,-0.026785714,-0.036292024,-0.027135333
1/15/2009,0.011062516,0.007968127,0.041284404,0.020872865,-0.022949276
1/16/2009,0.009541985,0.024280068,0.017131669,0.01873034,-0.012527102
1/20/2009,-0.034656585,-0.062293275,-0.052454283,-0.023157895,-0.050134179
1/21/2009,0.115274151,0.048206937,0.013204672,0.038936782,0.059201233
1/22/2009,-0.014865972,-0.116657319,-0.013533835,-0.012999585,0.066682832
1/23/2009,-0.00641635,0.005079365,-0.011686992,-0.002381953,0
1/26/2009,0.023558957,0.024636766,0.046786632,0.007162921,0.014548761
1/27/2009,0.000701016,0.001849568,-0.027013752,0.004044066,0.012099485
1/28/2009,0.034442499,0.021538462,0.039878849,0.004166667,0.038299756
1/29/2009,-0.024379233,-0.024698795,-0.04368932,-0.02835408,-0.012793177
1/30/2009,-0.009254975,-0.027794935,-0.021319797,-0.00683274,-0.030885529
2/2/2009,-0.007823447,0.042566709,0.002074689,0.002723233,0.015377758
2/3/2009,0.028009886,0.037172456,0.016045549,0.018724986,0.016022827
2/4/2009,-0.0069834,0.007050529,-0.008660214,-0.005893083,0.006156837
2/5/2009,-0.004496196,0.022170362,0.030832477,0.027240649,0.031132582
2/6/2009,0.046091488,0.032534247,0.050348953,0.012091234,0.033732431
2/9/2009,0.006974427,-0.011055832,-0.018509729,-0.010589194,0.027998791
2/10/2009,-0.036609499,-0.032979318,-0.038201161,-0.04212404,-0.045654943
2/11/2009,0.020198562,0.021965318,-0.003016591,-0.020484171,-0.010265886
2/12/2009,-0.000894855,0.002262443,-0.00706001,0.008628254,0.025308578
2/13/2009,-0.012987013,-0.008465011,-0.035043169,-0.008409453,-0.001112797
2/17/2009,-0.033688748,-0.046101309,-0.06,-0.044304723,-0.046688272
2/18/2009,0.009273389,0.001789976,-0.007278835,0.009179927,-0.001699777
2/19/2009,-0.028262387,-0.011911852,0.018612521,0.003032141,-0.039587102
2/20/2009,-0.001555955,0.005424955,-0.034883721,-0.012847642,0.006204986
2/23/2009,-0.049748262,-0.043764988,-0.038439472,-0.027101516,-0.046580773
2/24/2009,0.023968715,-0.002507837,0.104415274,0.040289581,0.037884038
2/25/2009,-0.005790317,-0.01257071,-0.017287952,-0.000605144,0.010126864
2/26/2009,0.035811648,-0.031826862,0.016492578,-0.015289131,-0.021593037
2/27/2009,0.034334251,-0.016436555,0.011898323,-0.042890085,0.001351199
3/2/2009,-0.032384918,-0.022058824,-0.046499198,-0.044008995,-0.015405375
3/3/2009,-0.014343772,0.005468216,-0.051569507,-0.008568548,0.004910918
3/4/2009,0.019645889,0.015635622,0.006501182,0.020504999,0.031708149
3/5/2009,-0.022478592,-0.052878179,-0.045214328,-0.052640319,-0.02555629
3/6/2009,-0.019102081,0.000706714,-0.008610086,0.029097283,-0.039791996
3/9/2009,-0.027164475,-0.008474576,0.013027295,0.008346108,-0.025782906
3/10/2009,0.04513579,0.087606838,0.078383344,0.04375,0.066465257
3/11/2009,0.015737465,0.037982973,0.01362862,-0.024113934,0.045665722
3/12/2009,0.020057651,-0.005678233,0.033053221,0.02106136,0.039661899
3/13/2009,-0.000470976,-0.020939086,0.018438178,0.000812084,-0.004377736
3/16/2009,0.00954176,-0.023979261,-0.027689031,-0.003570269,-0.005339196
3/17/2009,0.018553092,0.039840637,0.066812705,0.031758958,0.044416377
3/18/2009,-0.010310459,0.003192848,0.051334702,0.001104972,0.018744331
3/19/2009,0.007755527,0.010821133,-0.006347656,-0.01214128,0.000989218
3/20/2009,-0.00172295,-0.00440806,-0.012776413,-0.032721468,-0.000296472
3/23/2009,0.067080888,0.074003795,0.049278248,0.067161716,0.059707394
3/24/2009,-0.004205305,-0.021790342,-0.012808349,-0.016390908,-0.010820896
3/25/2009,-0.003465079,-0.002408188,0.014416146,0.011318975,-9.43E-05
3/26/2009,0.008475497,0.053108027,0.036949313,0.01523395,0.031783458
3/27/2009,-0.046869949,-0.037249284,-0.021014162,-0.01760833,-0.027513711
3/30/2009,0.003843545,-0.035714286,-0.010732618,-0.019170823,-0.022088542
3/31/2009,0.025112613,0.050617284,0.00754717,-0.007786429,0.006055363
4/1/2009,0.007470065,0.051116334,0.01170412,0.01665599,0.034011656
4/2/2009,0.032820848,-0.001117943,0.039333642,0.014650284,0.036958329
4/3/2009,0.013935811,-0.027979855,0.009349955,0.002794597,0.029047492
4/6/2009,-0.006455643,0.000575705,-0.006175562,-0.005573618,0.021213958
4/7/2009,-0.027667156,0,-0.019085664,-0.01914993,-0.029082584
4/8/2009,0.024682044,0.02301496,0.030769231,0.003650794,0.011440049
4/9/2009,0.005048911,0.025309336,0.031167691,0.012810375,0.027974443
4/13/2009,-0.017268446,-0.004388371,0.002128565,-0.026077452,0.005459432
4/14/2009,-0.006709265,-0.012121212,-0.023789295,-0.004810005,-0.015955225
4/15/2009,-0.004288624,-0.026770775,0.01305483,0.006605445,-0.005602716
4/16/2009,0.026165608,0.049283668,0.011597938,-0.010723431,0.032354448
4/17/2009,-0.001678909,-0.028399782,0.005095541,-0.009868953,0.016207723
4/20/2009,-0.008198444,-0.030916245,-0.036332911,-0.021895425,-0.023679714
4/21/2009,0.018651971,0.019721578,0.028496274,0.014533912,0.01050175
4/22/2009,0.002392842,-0.010238908,0.011508951,-0.022394204,-0.002062026
4/23/2009,-0.011001557,0.007471264,-0.015592078,0.014822301,0.031986115
4/24/2009,-0.013222794,0.104962921,0.02140411,0.013112033,-0.011933365
4/27/2009,-0.001382537,-0.024264326,-0.016345348,-0.006716907,0.00672773
4/28/2009,0.019914803,-0.022751323,0.007243289,0.014514267,-0.00668277
4/29/2009,0.020674533,0.015701137,0.010575296,0.020159324,0.010051066
4/30/2009,-0.00797954,0.000533049,-0.00083717,-0.025816733,0.005457026
5/1/2009,0.013509333,-0.00106553,-0.020946795,0.020121053,0.011253891
5/4/2009,0.015160765,-0.002133333,0.017115961,0.002726106,0.037963694
5/5/2009,-0.003207377,-0.019775521,-0.000841397,-0.007996162,0.00479051
5/6/2009,-0.006435395,0,-0.005894737,0.013703047,-0.001589224
5/7/2009,-0.019431232,-0.023991276,-0.016518424,0.005089059,-0.025922838
5/8/2009,-0.010733822,0.005027933,-0.004306632,0.02721519,0.001011594
5/11/2009,0.013875848,-0.005002779,-0.022058824,-0.015865681,0.00295398
5/12/2009,0.01008438,0.029608939,-0.011941619,0.022382219,-0.039761277
5/13/2009,-0.01609617,-0.007053717,0.008057296,-0.014849969,-0.039631932
5/14/2009,-0.011907227,0.015846995,-0.012433393,-0.0001554,0.028912422
5/15/2009,0.003248454,0.007530931,-0.004946043,-0.009170034,-0.004247672
5/18/2009,0.031648214,0.019220502,0.065973791,0.020078431,0.034536505
5/19/2009,0.008909588,-0.007857517,-0.053412463,0.00030755,0.006343668
5/20/2009,-0.01384847,0.003167899,-0.032243618,-0.012913144,-0.012449768
5/21/2009,-0.011804213,-0.027368421,-0.039333642,-0.017598505,-0.013404612
5/22/2009,-0.009061889,-0.003246753,-0.001445087,0.006499683,-0.013505863
5/26/2009,0.030655721,0.029858849,0.041003377,0.014175461,0.067552058
5/27/2009,-0.019862876,-0.010542963,-0.019462465,-0.021587203,0.017355245
5/28/2009,0.017076432,0.015982952,-0.027410208,0.013650794,0.015172101
5/29/2009,0.015171437,0.021499738,0.020408163,0.001722518,0.005502268
6/1/2009,0.01972701,0.02412731,0.043333333,0.034703767,0.026029727
6/2/2009,-0.014264778,0,0.014148791,0.016165584,0.001009009
6/3/2009,-0.003171771,0.015538847,-0.00540054,-0.011596789,0.010511916
6/4/2009,-0.001491498,0.004935834,0.008144796,0.012484958,0.019807624
6/5/2009,0.008564031,0.013752456,-0.016157989,0,0.006427723
6/8/2009,0.002369668,-0.003875969,0.015967153,0.002674194,-0.005623048
6/9/2009,0.006008668,0.001459144,0.000449035,-0.00074085,-0.007888858
6/10/2009,0.001958288,0.021369597,0.001795332,0.009934757,-0.017310534
6/11/2009,0.009674582,0.012363291,-0.00672043,0.002789605,-0.002148228
6/12/2009,-0.010840108,0.021606388,-0.00315742,-0.003660322,-0.02131324
6/15/2009,-0.005479452,0.004137931,-0.012217195,-0.013078619,-0.006379234
6/16/2009,-0.002754821,0.001373626,-0.027485112,-0.016229899,0.001918678
6/17/2009,-0.003058406,0.009602195,0.019312294,-0.002875738,-0.005671356
6/18/2009,-0.006234537,-0.007699275,-0.012476895,0.000151791,0.002222222
6/19/2009,-0.004182434,0.024189868,0.007487131,-0.005463652,0.026459719
6/22/2009,-0.0129,-0.032531194,-0.011611705,-0.030978178,-0.015120968
6/23/2009,-0.000709148,0.002303086,-0.015977444,0.001574803,-0.024418775
6/24/2009,-0.002838605,0.005514706,-0.008595989,-0.007232704,0.016486811
6/25/2009,0.018401789,0.013711152,0.039017341,0.020905923,0.026688293
6/26/2009,-0.00359389,-0.018485122,0.001854427,-0.011945392,0.018454689
6/29/2009,0.001402665,0.022048691,0.011105969,0.022138483,-0.003313826
6/30/2009,-0.013306653,-0.004044944,-0.01006865,-0.00952381,0.003254103
7/1/2009,0.003954573,0.011732852,0.003236246,0.009305211,0.002820477
7/2/2009,-0.02959297,-0.028099911,-0.037788018,-0.029348494,-0.019687808
7/6/2009,-0.000832639,-0.007342818,0.002873563,-0.005698908,-0.010041601
7/7/2009,-0.014375,-0.028663893,-0.021012416,-0.022607865,-0.023185046
7/8/2009,0.004861551,0.001427891,0.011707317,-0.00439811,0.013425308
7/9/2009,0.01398822,-0.005703422,0.00096432,-0.004417539,-0.006221181
7/10/2009,-0.012239394,-0.001912046,-0.007225434,-0.012982744,0.015834438
7/13/2009,0.027617347,0.037356322,0.026200873,0.008991009,0.027550207
7/14/2009,-0.003576538,-0.005078486,0.024586288,0.007920792,-0.000493897
7/15/2009,0.038457594,0.04361949,0.017074296,0.033562541,0.032401525
7/16/2009,0.031898084,0.013339262,0.013157895,0.000316807,0.004376068
7/17/2009,0.043257728,-0.006143045,0.011195701,0.000791766,0.028660903
7/20/2009,0.008806532,0.009713024,0.005314438,0.006170886,0.007677035
7/21/2009,0.005183232,0.012243113,-0.013656388,0.022173298,-0.009194798
7/22/2009,-0.012574634,-0.001295896,0.012505583,-0.006769231,0.034535331
7/23/2009,0.012826386,0.030709343,0.020732245,0.023079306,0.006919972
7/24/2009,0.004975124,-0.082249266,0.001296456,0.009538229,0.01374483
7/27/2009,-9.00E-05,-0.014631916,-0.006042296,0.00629874,0.000690478
7/28/2009,-0.002970564,0.015313225,0.009118541,-0.011773472,-0.000627274
7/29/2009,-0.000180571,0.01416819,0,-0.006333886,0.0001883
7/30/2009,0.005147192,0.000450653,0.018072289,-0.010016694,0.017194854
7/31/2009,0.000628874,-0.012162162,0.003381234,-0.004599111,0.003701647
8/3/2009,0.016879152,0.013223894,0.01474305,0.003696288,0.018624378
8/4/2009,-0.002737065,-0.00270027,-0.00124533,-0.000767224,-0.005310162
8/5/2009,-0.009384683,0.001805054,0.00166251,-0.008138821,-0.002669255
8/6/2009,-0.004647422,-0.014864865,0.007883817,-0.004180214,-0.007238443
8/7/2009,0.016611296,0.004572474,0.027171676,-0.003731343,0.00974205
8/10/2009,-0.005211093,-0.00591716,-0.006012024,-0.004213483,-0.00473301
8/11/2009,-0.007724407,-0.012362637,-0.00766129,-0.009089484,-0.011522985
8/12/2009,0.012795276,0.017153454,0.011377489,0.01423375,0.015234688
8/13/2009,0.00238537,0.003646308,0.017677782,-0.005145798,0.018833536
8/14/2009,-0.008461132,0.003178928,-0.019344651,-0.007836991,-0.009719738
8/17/2009,-0.0144,-0.018560435,-0.03784219,-0.024328594,-0.043114349
8/18/2009,0.006583694,0.019833948,0.031380753,-0.000971503,0.0276257
8/19/2009,0.007974196,0.003165988,-0.006896552,0.022690438,0.003674219
8/20/2009,0.0032,0.000450857,-0.00245098,0.008716323,0.010494204
8/21/2009,0.007974482,0.031545741,0.030712531,0.01948154,0.017389204
8/24/2009,-0.00483474,0.009174312,-0.01708383,0.01972569,-0.000949555
8/25/2009,-0.004063245,0,0.010509297,-0.008765301,0.002019722
8/26/2009,0.0054102,-0.003463203,0.0092,0.009757585,-0.011797486
8/27/2009,-0.000352858,0.005647263,-0.000792707,-0.007096482,0.012238287
8/28/2009,-0.010148253,-0.000431965,0.005156684,-0.010492701,0.003496711
8/31/2009,-0.001426406,-0.001296456,-0.014206788,-0.013831259,-0.010807938
9/1/2009,-0.011516829,-0.0263955,-0.012009608,-0.010752688,-0.017314467
9/2/2009,-0.005148121,-0.005777778,-0.008103728,-0.003308129,-0.000729084
9/3/2009,0.002088062,0.010728654,0.013888889,0.001264422,0.008329787
9/4/2009,0.009693785,0.021229544,0.004834811,0.013417522,0.022551857
9/8/2009,-0.002602064,0.007795583,0.016840417,0.021183801,0.015390966
9/9/2009,-0.003328535,-0.001289214,-0.003548896,-0.002135448,-0.010337418
9/10/2009,0.007762433,0.008605852,0.00514444,0.002140018,0.008274162
9/11/2009,0.003224362,-0.005546075,-0.006692913,-0.009456986,-0.002328018
9/14/2009,0.007052942,0.005577006,0.006341657,0.000307977,0.009100455
9/15/2009,0.003900709,0.008105802,-0.003938558,-0.007235222,0.008266852
9/16/2009,0.020752384,0,0.023724792,0.012249961,0.038300556
9/17/2009,0.000432563,0.003808718,-0.005021244,-0.007199755,0.01474405
9/18/2009,0.001902456,-0.001264755,0.011257764,0.00216016,0.002557684
9/21/2009,-0.004401864,0.001266357,-0.003071017,-0.006004619,-0.005427998
9/22/2009,0.000346771,0.018549747,-0.018482865,0.003717472,0.002510506
9/23/2009,-0.006499697,-0.002069536,-0.009807768,-0.011882716,0.005552834
9/24/2009,0.000959525,0.008710079,-0.011489699,-0.000937061,-0.009095339
9/25/2009,0.001132898,-0.014802632,-0.006813627,-0.003439112,-0.007867563
9/28/2009,-0.014449861,0.010851419,0.015334948,0.013019608,0.020705986
9/29/2009,-0.004327857,-0.002890173,-0.015898251,-0.007432642,-0.004100351
9/30/2009,0.006741772,-0.001242236,-0.00726979,-0.006708268,-0.000162522
10/1/2009,-0.014274385,-0.032752902,-0.01179821,-0.01947542,-0.024219766
10/2/2009,0.009475284,0.003000429,-0.011115685,-0.010251482,0.022322172
10/5/2009,0.00610998,-0.012820513,0.004579517,0.014889141,0.006029004
10/6/2009,0.013377926,0.019480519,0.005387484,0.016105884,0.02148796
10/7/2009,0.011811707,-0.000424628,-0.005770816,0.000156937,0.001268499
10/8/2009,-0.004034335,0.022514868,0.028606965,0.005491919,-0.005173142
10/9/2009,0.029819874,-0.004570004,0.002821443,0.003121099,0.006367399
10/12/2009,0.008787346,0.006677796,0.002813505,0.012445551,0.001739956
10/13/2009,-0.00016592,0.00331675,0.018036072,0.001843884,-0.004105479
10/14/2009,0.010454696,0.005785124,-0.00511811,0.022546012,0.006659267
10/15/2009,-0.002874035,0.02917009,-0.003165809,0.015299235,-0.003780123
10/16/2009,-0.049493535,-0.007984032,-0.001190949,0.002511449,-0.013175231
10/19/2009,0.011609773,-0.005231388,0.013513514,0.006778662,0.009612817
10/20/2009,-0.001884207,0.000404531,-0.023921569,-0.008196721,0.046865908
10/21/2009,-0.015960185,0.007682976,-0.024106067,0.003984652,0.030973675
10/22/2009,0.015085455,0.000401284,0.015232606,0.015434367,0.00137228
10/23/2009,-0.018984623,0.053750501,-0.01703163,-0.011725536,-0.006117854
10/26/2009,-0.002101576,0.023601066,-0.00660066,-0.004540794,-0.007189639
10/27/2009,0.004563005,-0.002975084,-0.003737542,0.022954679,-0.025197163
10/28/2009,0.00698812,-0.020141738,-0.030429346,-0.01438435,-0.025186994
10/29/2009,0.011276891,0.007232585,0.02794497,0.001751313,0.020513624
10/30/2009,-0.018356493,-0.017384732,-0.031785864,-0.031031469,-0.039997954
11/2/2009,-0.00043691,0.005384615,-0.000863931,0.0067659,0.004315627
11/3/2009,0.004982953,-0.012624331,-0.002594034,-0.00567503,-0.002970822
11/4/2009,0.001043841,0.019372336,-0.001733853,-0.006158005,0.010907737
11/5/2009,0.014946124,0.014823261,0.026921407,0.016774974,0.016895626
11/6/2009,0.007705479,0.001498127,0.017758985,0.001040428,0.001604555
11/9/2009,0.020305862,0.016454749,0.02783548,0.009651076,0.036638933
11/10/2009,0.007244567,0.000735835,0.000404204,-0.003382353,0.007527418
11/11/2009,0.002149471,0.004044118,0.018181818,0.004131622,0.001335906
11/12/2009,-0.007259528,0.008055657,-0.002380952,-0.013813373,-0.0061765
11/13/2009,0.006066146,0.009081003,0.003579952,0.007897482,0.012181176
11/16/2009,0.009333443,-0.00287977,0.011494253,0.027054997,0.0106592
11/17/2009,0.003273322,0.019855596,-0.023902821,0.008061034,0.001798299
11/18/2009,-0.003752039,0.003893805,0.01083902,0.003284307,-0.005045605
11/19/2009,-0.004748649,-0.010930889,-0.006354249,-0.008255053,-0.026477472
11/20/2009,-0.004606779,-0.005347594,0.002398082,-0.00358783,-0.002905084
11/23/2009,0.009834711,0.010752688,0.012360447,0.017715685,0.029788517
11/24/2009,-0.002127834,-0.00106383,0.001575423,0.00353807,-0.00697561
11/25/2009,-0.005084885,-0.003904863,0.010617381,0.00662812,-0.001228079
11/27/2009,-0.012447449,-0.019244476,-0.008560311,-0.02101429,-0.017656896
11/30/2009,0.005175292,0.006540698,-0.009026688,0.002718947,-0.003354529
12/1/2009,0.012622488,0.020216606,0.031683168,0.012987013,-0.01471918
12/2/2009,-0.005740528,-0.007430998,0.011900192,-0.003381234,-0.003773008
12/3/2009,0.002721874,0.001426025,-0.014036419,-0.010460843,0.001279492
12/4/2009,-0.002385457,0.005339979,0.005386687,-0.009857143,-0.016101002
12/7/2009,-0.001649077,-0.006373938,0.004975124,-0.00649257,-0.022598577
12/8/2009,-0.001899571,-0.007483963,-0.019421173,-0.011182109,0.004889976
12/9/2009,0.012577576,0.004667864,-0.004660194,-0.002202967,0.041732783
12/10/2009,0.007354744,0.005360972,0.015996879,-0.005298793,-0.006905306
12/11/2009,0.00267705,-0.000710985,0.018049155,0.005918911,-0.008947288
12/14/2009,0.001860841,0.008893632,0.013202565,-0.043100912,0.011865456
12/15/2009,-0.011063555,-0.003173484,0.005212211,-0.007532667,-0.014275517
12/16/2009,0.001714846,0.002829855,-0.001851852,-0.010687732,0.004448122
12/17/2009,-0.01018994,-0.016578483,-0.005565863,-0.002974793,-0.016271885
12/18/2009,0.004035579,0.025466284,-0.005223881,-0.000157035,0.018582496
12/21/2009,0.005741941,0.00524659,0.010877719,0.004397676,0.014337839
12/22/2009,0.009950249,0.010090466,0.011131725,0.000781861,0.010740703
12/23/2009,0.000565291,0.003100241,-0.009908257,-0.00453125,0.008721805
12/24/2009,0.004358354,0.002747253,0.005930319,0.005964527,0.03433711
12/28/2009,0.013339762,0.005479452,0.00036846,0.006085193,0.012298823
12/29/2009,-0.003489294,0.006811989,0.002946593,-0.003411911,-0.011864648
12/30/2009,0.005491007,-0.0135318,-0.004774146,-0.001089325,0.012151194
12/31/2009,-0.012584092,-0.015432099,-0.006642066,-0.008412525,-0.004318117
1/4/2010,0.011862777,0.01532567,-0.008915305,0.014139827,0.015584044
1/5/2010,-0.012119772,0.000343053,0.007121439,0.003872967,0.001689348
1/6/2010,-0.006495069,-0.00617284,-0.00334946,0.008641975,-0.015881196
1/7/2010,-0.003470541,-0.010351967,0.011575803,-0.003212974,-0.001856524
1/8/2010,0.010042925,0.006973501,-0.004798819,-0.00399079,0.006629149
1/11/2010,-0.010424184,-0.012811634,-0.028189911,0.011249807,-0.008812242
1/12/2010,0.00794101,-0.006664328,-0.00648855,-0.005028955,-0.011376129
1/13/2010,-0.002170592,0.009180791,0.00537841,-0.003982233,0.014117875
1/14/2010,0.015952304,0.020293912,0.006113871,0.000153775,-0.005816448
1/15/2010,-0.003965107,-0.003429355,0.009494873,-0.008148831,-0.016688246
1/19/2010,0.017914013,0.007914659,0.010910459,0.002325221,0.044233114
1/20/2010,-0.029018381,-0.016387846,-0.007443245,-0.017939994,-0.015411919
1/21/2010,-0.009585951,-0.019090594,-0.006374203,-0.019527559,-0.017265914
1/22/2010,-0.027165514,-0.03467799,-0.026792453,-0.008994539,-0.049618689
1/25/2010,0.004932698,0.012096774,-0.003489725,-0.003889789,0.026917217
1/26/2010,-0.002911814,0.006157189,0.003891051,0.001138952,0.014144411
1/27/2010,0.00458907,0.005759539,0.003875969,-0.005688282,0.009411879
1/28/2010,-0.020431894,-0.017179671,-0.017760618,-0.008989866,-0.041306343
1/29/2010,-0.010937765,-0.033503277,0.024371069,-0.008081808,-0.036283007
2/1/2010,0.018602658,0.008289375,0.013814275,0.027103425,0.013909224
2/2/2010,0.006901195,0.001494768,0.022331567,0.011818035,0.005776173
2/3/2010,0.001003009,0.005970149,-0.019252129,-0.00544,0.017229002
2/4/2010,-0.021125585,-0.027448071,-0.018875047,-0.028153153,-0.03604194
2/5/2010,0.00426512,0.0064836,0.001539053,0.001158749,0.017727344
2/8/2010,-0.008918712,-0.01061008,0.02189781,-0.000330688,-0.00683383
2/9/2010,0.01088447,0.010340866,0.009774436,0.013231889,0.010657561
2/10/2010,-0.003221704,-0.00075815,-0.007446016,-0.005386876,-0.005426158
2/11/2010,0.007484903,0.004552352,0.011627907,0.005908419,0.018168717
2/12/2010,0.002195019,-0.00641994,0.000370782,-0.006689509,0.008593671
2/16/2010,0.00994019,0.019764348,0.015196442,0.0228318,0.015086207
2/17/2010,0.008758028,0.008199776,0.019715225,-0.007868958,-0.004196909
2/18/2010,0.011741359,0.013308688,0.009308987,0.003075429,0.001884173
2/19/2010,-0.004821837,-0.006931777,-0.0049663,-0.001452316,-0.006186281
2/22/2010,-0.002710027,-0.001102131,0.0057041,-0.007110537,-0.00622479
2/23/2010,-0.003046772,-0.013975726,0.014179369,-0.006998698,-0.016736821
2/24/2010,0.008920459,0.010443864,0.019923104,0.009342731,0.018244827
2/25/2010,-0.004093328,-0.00110742,-1.11E-16,-0.006170835,0.006706707
2/26/2010,0.000739827,0.002586844,-0.005140507,-0.002124183,0.012976037
3/1/2010,0.011089207,0.012163656,0.007233896,0.006058621,0.021349693
3/2/2010,-0.00893655,-0.019300801,-0.002051984,0.001464844,-0.000672753
3/3/2010,-0.004262644,0,0.003427005,-0.000975134,0.002308136
3/4/2010,-0.001234873,0.005941329,-0.00102459,-0.000488043,0.006572635
3/5/2010,0.004121332,-0.00147656,0.011623932,0.016438802,0.03908298
3/8/2010,-0.006567066,0.001478743,0.00506928,0.000160128,0.000596303
3/9/2010,-0.00677574,0.005906238,-0.00134499,0.004482869,0.018015953
3/10/2010,0.000499168,0.00587156,0.000673401,0.006534906,0.008150583
3/11/2010,0.015799102,0.007296607,0.01345895,0,0.002948008
3/12/2010,0.002619515,0.003259689,0.009960159,-0.006175772,0.004854369
3/15/2010,-0.00081646,0.000722022,0.007232084,-0.007488846,-0.012188096
3/16/2010,0.006537016,0.002525253,-0.00424282,0.004013485,0.002736899
3/17/2010,-0.007062835,0.008996042,-0.000983284,0.011832427,-0.001476576
3/18/2010,0.004823808,-0.000713267,-0.003608924,0.000474083,0.002374978
3/19/2010,-0.005207486,-0.000713776,-0.001317089,-0.005212447,-0.010684429
3/22/2010,0.002126615,0.000357143,0.00956149,-0.000952683,0.011251695
3/23/2010,0.010855371,0.009282399,-0.002286088,-0.000317864,0.016041825
3/24/2010,-0.006459427,-0.007428369,-0.008183306,-0.006677266,0.004441903
3/25/2010,0.005526209,0.012116892,0.009240924,-0.003040973,-0.011865668
3/26/2010,0.000161642,-0.011619718,0.003924133,0.003531867,0.018743353
3/29/2010,-0.005171717,-0.002493766,-0.004560261,0.011518157,0.006480797
3/30/2010,0.001380879,0.006071429,0.002617801,-0.003795667,0.014866033
3/31/2010,-0.004055808,-0.015974441,-0.010443864,-0.000952532,-0.003576903
4/1/2010,-1.11E-16,-0.004689755,0.000989446,0.009375497,0.004102564
4/5/2010,0.008551881,0.003986952,0.008566722,0.008501259,0.010682669
4/6/2010,-0.003230235,0.001444043,-0.003266906,-0.004214799,0.004421611
4/7/2010,-0.003483756,0.001081471,0.001966568,-0.008151748,0.004402147
4/8/2010,-0.006747967,0.019445445,0.010794897,0.007586534,-0.002713194
4/9/2010,0.009003847,0.014129283,0.008737864,0.013333333,0.007701323
4/12/2010,-0.003082664,-0.000696621,0.006737247,-0.000773994,0.002035222
4/13/2010,0.00520791,0.004182642,0.02581262,-0.000619675,0.000580311
4/14/2010,0.017161823,0.01214856,0.018639329,-0.000775074,0.013463689
4/15/2010,-0.002705929,0.001714678,0.004574565,-0.005119454,0.013162198
4/16/2010,-0.001995052,-0.006504622,-0.003642987,-0.004833931,-0.006132494
4/19/2010,0.012234128,0.012060648,0.004570384,0.004387339,-0.001339612
4/20/2010,-0.019195829,0.010214505,0.000303306,0.010920437,-0.010040242
4/21/2010,-0.005396263,-0.000674082,0.002425713,-0.000771605,0.059825901
4/22/2010,0.001052717,0.001686341,0.012704174,-0.005250965,0.02797257
4/23/2010,0.006714124,-0.013468013,0.018817204,0.009936345,0.016356989
4/26/2010,0.005624749,0.004778157,0.002638522,0.00076864,-0.004894872
4/27/2010,-0.014542549,-0.008491848,-0.032748538,-0.014746544,-0.027687721
4/28/2010,0.009892159,0.002055498,-0.002720677,0.01340817,-0.001686341
4/29/2010,0.002810116,0.002735043,0.010306153,-0.007538462,0.026911855
4/30/2010,-0.011208967,-0.014660757,-0.00930093,-0.013021237,-0.0281132
5/3/2010,0.004615385,0.010380623,0.018170806,0.001099419,0.020156172
5/4/2010,-0.011364552,-0.023630137,-0.012492564,-0.020238469,-0.02880736
5/5/2010,-0.005217675,-0.009470361,-0.005120482,-0.004483587,-0.010366114
5/6/2010,-0.02278315,-0.029036827,-0.036330609,-0.034582596,-0.038054139
5/7/2010,-0.014676283,-0.026622903,-0.015394282,-0.002832389,-0.04221044
5/10/2010,0.034130564,0.025852379,0.055520102,0.023893066,0.076857569
5/11/2010,0.004938272,-0.00182615,0.009673519,-0.005058747,0.009964413
5/12/2010,0.045618346,0.019392609,0.007185629,0.007052649,0.021728917
5/13/2010,-0.009007598,-0.006819813,-0.017241379,-0.002605863,-0.014216193
5/14/2010,-0.002213089,-0.010842067,-0.001814882,-0.017635532,-0.017608645
5/17/2010,-0.005703422,0.000365364,0.010909091,-0.005152926,0.001582717
5/18/2010,-0.003744423,-0.007304602,-0.024280576,-0.007685881,-0.007308498
5/19/2010,-0.008396641,-0.012509198,-0.009831029,-0.005388112,-0.015918497
5/20/2010,-0.039274194,-0.039865872,-0.043437791,-0.034027425,-0.042623746
5/21/2010,0.013094938,-0.010089251,0.003892313,0.009113214,0.019177156
5/24/2010,-0.007788549,-0.021168169,0.006138934,-0.011288642,0.018360411
5/25/2010,0.000584551,-0.007609131,0.022800257,-0.007904444,-0.006267551
5/26/2010,-0.010348857,-0.040758676,0.00188383,-0.006728045,-0.004505058
5/27/2010,0.025636701,0.039545646,0.015042306,0.036185383,0.037849179
5/28/2010,-0.008962342,-0.007689195,-0.020067922,-0.016170652,0.013913664
6/1/2010,-0.007301087,0.003670473,-0.002520479,-0.020108411,0.015364767
6/2/2010,0.024655244,0.0219423,0.009791535,0.025695931,0.011974895
6/3/2010,0.004323002,0.015109344,-0.012824523,0.013048017,-0.003120006
6/4/2010,-0.020953464,-0.039952996,-0.03833967,-0.032972694,-0.02721374
6/7/2010,-0.009207798,-0.019175847,-0.01878089,-0.003906944,-0.019617844
6/8/2010,-0.003265238,-0.007071547,0.008394896,0.032804421,-0.006443351
6/9/2010,0.001427971,-0.012987013,-0.001665002,-0.019851545,-0.024571014
6/10/2010,0.03053179,0.008488964,0.030353569,0.03099683,0.030062768
6/11/2010,0.006023116,0.026515152,-0.015539009,-0.00051247,0.011986851
6/14/2010,0.000404531,-0.006150062,-0.004932588,-0.007861904,0.003010736
6/15/2010,0.010028306,0.042079208,0.006278916,0.018604651,0.021288361
6/16/2010,0.004323805,-0.009501188,-0.003612479,0,0.029120582
6/17/2010,0.00486327,0.001598721,-0.007251154,0.001352951,0.017286085
6/18/2010,-0.006347191,0.002793296,0.000996016,0.007937848,0.008089838
6/21/2010,0.003832641,-0.018304815,-0.015920398,0.000502681,-0.014254306
6/22/2010,-0.010340439,-0.007296311,-0.026289181,-0.018757327,0.013642616
6/23/2010,0.006269089,-0.017558187,-0.003461405,-0.013654207,-0.010525158
6/24/2010,-0.014776358,-0.012468828,-0.027092741,-0.016784911,-0.007264371
6/25/2010,-0.008350223,-0.018518519,0.017850768,-0.016191482,-0.008549561
6/28/2010,0.014633748,-0.009005146,-0.020343739,-0.010554562,0.005987347
6/29/2010,-0.030134558,-0.041107746,-0.032223416,-0.020249503,-0.045218042
6/30/2010,-0.012876963,-0.013086643,-0.019607843,-0.003875254,-0.018112675
7/1/2010,-0.007406161,0.006401463,-0.005660377,-0.007965913,-0.012098223
7/2/2010,-0.005765644,0.004997728,-0.0056926,-0.000746965,-0.006224234
7/6/2010,0.013133208,0.023508137,-0.014885496,0.015698,0.006873272
7/7/2010,0.028703704,0.020318021,0.024409144,0.016927323,0.040352224
7/8/2010,0.007609852,0.004329004,0.004916793,0.006513479,-0.002213077
7/9/2010,-8.12E-05,-0.005603448,0.004140008,-0.000539277,0.005914627
7/12/2010,0.005522618,0.022973559,0.00149925,0.002697842,-0.008974508
7/13/2010,0.014134561,0.012288136,0.011601796,0.008071749,-0.021351341
7/14/2010,0.001831794,0.01213897,-0.012578616,-0.002669039,0.003709317
7/15/2010,0,0.002894955,0.002248033,0.000178412,-0.005046692
7/16/2010,-0.020589872,-0.024329897,-0.043364486,-0.022119158,-0.00619059
7/19/2010,0.013717532,0.013524937,-0.001563111,0.008208683,-0.017280874
7/20/2010,-0.024981984,0.01000834,0.031702544,0.008865569,0.02568192
7/21/2010,-0.01010101,-0.014037985,-0.016312595,-0.013271162,0.009329772
7/22/2010,0.017587523,0.028475712,0.027381411,0.02090149,0.018803081
7/23/2010,0.007092777,-0.001221498,0.001126126,0.005696991,0.003567136
7/26/2010,0.000242856,0.011414594,0.025871766,0.011152416,-0.002549936
7/27/2010,0.001699579,0.00241838,-0.013888889,0.007002801,0.018514932
7/28/2010,-0.001535105,-0.008041817,-0.017420311,0.001564673,-0.011827344
7/29/2010,-0.00315585,0.002837454,-0.001131648,-0.009373373,-0.010891318
7/30/2010,0.002922315,-0.008488278,0.016238671,-0.010863851,-0.003346173
8/2/2010,0.018373128,0.020383204,0.021553326,0.037909655,0.017880148
8/3/2010,-0.002940709,-0.006392329,-0.022917425,0.012630142,0.000306831
8/4/2010,0.006935034,-0.016485726,0.00930752,-1.11E-16,0.004025919
8/5/2010,0.004195693,-0.014309076,-0.000368868,-0.000168549,-0.004888108
8/6/2010,-0.007883327,0.007465782,-0.001107011,-0.011800405,-0.006140149
8/9/2010,0.014302741,0.00205846,0.000738825,0.007676561,0.006371148
8/10/2010,-0.001253427,-0.020953164,-0.015873016,-0.008295243,-0.008939876
8/11/2010,-0.01521688,-0.008392782,-0.018754689,-0.017924206,-0.03554007
8/12/2010,-0.011788132,-0.01481168,-0.00382263,-0.002607335,0.006382466
8/13/2010,-0.003385186,-0.003865979,-0.010744436,-0.005402579,-0.010649755
8/16/2010,-0.000727861,0.004312204,0.002715283,-0.00052567,-0.005886147
8/17/2010,0.005260602,0.013739802,0.033655706,0.015778401,0.017479114
8/18/2010,0.007326302,0.004659043,0.019461078,-0.01104591,0.004384392
8/19/2010,-0.003756394,-0.015598651,-0.022026432,-0.014310646,-0.012619548
8/20/2010,-0.010830325,-0.00856531,-0.001876877,-0.006728045,-0.000964591
8/23/2010,-0.0081103,0.002159827,-0.012034599,0.010338681,-0.015367904
8/24/2010,-0.012428455,-0.009913793,-0.001903312,-0.009350741,-0.023901941
8/25/2010,0.002980626,0.002612103,0.019832189,-0.000534283,0.012348263
8/26/2010,-0.019894337,-0.011723838,0.001869858,-0.007305773,-0.010750465
8/27/2010,0.01591847,0.00483304,0.012691303,0.022617124,0.005600836
8/30/2010,-0.010694744,-0.012243113,-0.026170291,-0.013340355,0.00361611
8/31/2010,-0.002178832,-0.00708278,0.002271007,0.001779043,0.002484884
9/1/2010,0.021415974,0.018279091,0.030589124,0.030545196,0.029744691
9/2/2010,-0.005755632,0.001751313,0.026016856,0.002412545,0.007341732
9/3/2010,0.02026133,0.014423077,0.015,0.004297748,0.026165917
9/7/2010,-0.012725946,-0.013356312,-0.017593244,-0.012666895,-0.003687029
9/8/2010,0.000985222,-0.001310044,0.004297994,0.003294036,0.019827821
9/9/2010,0.002214567,0.003060778,-0.001426534,0.005011232,0.000572956
9/10/2010,0.012930682,-0.006538797,0.008928571,0.002407153,0.001259782
9/13/2010,0.012684819,0.052654673,0.010619469,-0.003259005,0.013802044
9/14/2010,-0.005903941,-0.002917882,-0.000700525,0.000172087,0.00379842
9/15/2010,0.004494382,0.003344482,-0.001051525,-0.000172058,0.00805515
9/16/2010,0.001837648,0.008333333,0.000350877,-0.000516262,0.023526351
9/17/2010,0.00406731,-0.004132231,-0.002104525,-0.003099174,-0.004357457
9/20/2010,0.01223193,0.008298755,0.025659051,0.012780656,0.02855684
9/21/2010,0.001490898,-0.011111111,0.008567512,-0.000170532,0.001914758
9/22/2010,0.004466035,-0.021223471,-0.001019368,-0.00153505,0.014014723
9/23/2010,-0.006786271,-0.007653061,-0.001360544,-0.004953878,0.004048583
9/24/2010,0.018534517,0.014567266,0.025885559,0.009957082,0.011783927
9/27/2010,0.004009561,-0.002111486,-0.001328021,-0.000679925,-0.00395094
9/28/2010,0.001766377,-0.002115954,0.006648936,0.0056132,-0.014797185
9/29/2010,0.004369825,-0.0072095,-1.11E-16,-0.007611637,0.001785527
9/30/2010,-0.009846577,-0.000427168,-0.003963012,0.003238452,-0.012581254
10/1/2010,0.011177922,-0.004273504,0.004310345,0.012232416,-0.004353366
10/4/2010,-0.002897004,-0.019313305,-0.004621987,-0.005706613,-0.013721517
10/5/2010,0.017814818,0.018380744,0.002321725,0.017218096,0.036943593
10/6/2010,0.001277043,0.003008165,0,0.010786591,0.000868961
10/7/2010,0.006452097,0.00428449,0,-0.001313413,0.000104185
10/8/2010,0.000894521,0.001706485,0.004632694,0.008219628,0.016771998
10/11/2010,0.00580919,0.000851789,-0.003293808,0.002608837,0.004405587
10/12/2010,0.001406886,0.009787234,-0.011896894,0.002439421,0.010744645
10/13/2010,0.003697131,0.02022756,-0.013043478,0.005191434,0.005382493
10/14/2010,0.008030057,-0.004130525,-0.006099627,0.004034861,0.007227464
10/15/2010,-0.003069502,0.01244297,-0.003409478,-0.001768204,0.041093615
10/18/2010,0.012535738,0.010651372,-0.005815943,0.016747182,0.010370465
10/19/2010,-0.033593976,-0.027969193,-0.003785272,-0.017421603,-0.026749621
10/20/2010,0.007491759,0.008757298,0.010362694,0.013539652,0.003342311
10/21/2010,0.005502677,0.00413394,0.035213675,0.004770992,-0.003234153
10/22/2010,-0.001183257,-0.001646768,-0.010237781,0.000316556,-0.006619079
10/25/2010,0.0012587,-0.00742268,-0.002669336,-0.002056962,0.004442122
10/26/2010,0.005915847,0.028250935,-0.003345601,0.004915174,-0.002568939
10/27/2010,0.005439976,0.005656566,-0.012420275,-0.012937835,-0.000717243
10/28/2010,-0.003802003,0.008838891,0.00917743,0.00831202,-0.008384718
10/29/2010,0.019155963,0.015133413,-0.009093971,0.00412175,-0.013983023
11/1/2010,-0.001944404,0.010200078,-0.006118287,0.006946637,0.010644332
11/2/2010,0.003679919,0.01631068,0.025991792,0.013327062,0.01703645
11/3/2010,0.002300503,-0.012991976,-0.001666667,0.001856723,0.011102454
11/4/2010,0.018146607,0.003871467,0.015358932,0.020694981,0.017498234
11/5/2010,0.000915815,-0.010412649,-0.000657678,0.009078529,-0.003597236
11/8/2010,0.001266892,-0.001558846,-0.01349128,0.004498426,0.004718624
11/9/2010,-0.002179109,0.005074161,-0.000667111,0.010747873,-0.007974532
11/10/2010,0.002817894,-0.00038835,0.006675567,0.007089056,0.006164014
11/11/2010,-0.007657183,-0.00971251,0.00066313,0.009825488,-0.00432627
11/12/2010,-0.011609798,-0.015300118,-0.008283632,-0.011762997,-0.027243895
11/15/2010,-0.00071623,-0.002390438,-0.001670565,-0.007053637,-0.003195201
11/16/2010,-0.009747706,-0.009185304,0.010374833,-0.021903211,-0.017760769
11/17/2010,-0.002026636,-0.009270455,-0.027823783,0.001059162,-0.003596404
11/18/2010,0.016971279,0.010577705,0.001362862,0.018742443,0.026368558
11/19/2010,0.004778206,-0.005636071,0.011228309,0.003264095,-0.005502914
11/22/2010,0.002342253,0.001619433,-0.004037685,-0.004880213,0.021609587
11/23/2010,-0.015224472,-0.023848019,-0.005743243,-0.017238817,-0.014774694
11/24/2010,0.018407996,0.009937888,0.007815155,0.013004688,0.019648027
11/26/2010,-0.013132811,-0.004510045,-0.005057316,-0.009255113,0.00063806
11/29/2010,-0.007011519,0.002059308,-0.009827177,0.00316408,0.00596206
11/30/2010,-0.010015131,-0.001644061,-0.008213552,0.001501953,-0.018065416
12/1/2010,0.020887918,0.030876904,0.046583851,0.025494901,0.016880769
12/2/2010,0.005346831,0.032348243,0.055060996,0.002047382,0.005522933
12/3/2010,0.001347327,0.005029014,0.00375,-0.003940455,-0.002241232
12/6/2010,-0.002691028,-0.006543495,-0.004358655,0.001611722,0.008542141
12/7/2010,-0.006674714,0.000774893,0.006566604,0.002047981,-0.006054332
12/8/2010,0.006648081,0.013550136,0.014290152,0.005547445,0.008805428
12/9/2010,-0.004686834,-0.005347594,0.008269525,0.00203252,-0.003910649
12/10/2010,0.003638699,0.009600614,0.002430134,0.002463054,0.002512642
12/13/2010,-0.003767683,-0.003423355,0.004848485,0.002601532,0.003446223
12/14/2010,0.010703582,0.013358779,0.004523522,-0.002594782,-0.004277374
12/15/2010,-0.007554363,0.0086629,0.002101471,-0.004480416,0.000219491
12/16/2010,-0.001209362,0.004854369,0.009286998,0.005081301,0.002790056
12/17/2010,0.003133903,-0.003344482,-0.000593648,-0.000577784,-0.00200075
12/20/2010,-0.00333712,-0.002982849,0.002970003,0.000578118,0.004980579
12/21/2010,0.008477595,0.009349289,-0.00355345,0.00693341,0.006171493
12/22/2010,0.001412828,0.004075584,0.002971768,0.001147612,0.002973886
12/23/2010,-0.000352709,0.004059041,-0.002666667,0.005444906,-0.004787349
12/27/2010,-0.003810599,-0.008085263,0.004456328,-0.002565199,0.003320713
12/28/2010,0.002550117,-0.002223046,-0.004436557,0.005572225,0.002443626
12/29/2010,0.005581855,-0.001485332,-0.005644682,-0.000568343,-0.000555418
12/30/2010,0.000983699,-0.00409074,-0.000896325,-0.000142167,-0.005001544
12/31/2010,0.000631756,0.001867065,0.005681818,-0.003270297,-0.003413181
1/3/2011,0.004910558,0.00260902,0.007136485,0.019543509,0.021732362
1/4/2011,0.001116928,0.004089219,-0.018010038,0.004617322,0.005210873
1/5/2011,-0.004044348,-0.003332099,-0.003006615,-0.00264624,0.008185043
1/6/2011,0.010992088,0.029346211,-0.004221954,0.006423684,-0.000811859
1/7/2011,-0.004916898,-0.007578492,-0.001211387,0.005411406,0.007162203
1/10/2011,-0.001948639,-0.013454545,0.000303214,-0.006072316,0.018853831
1/11/2011,-0.002440555,-0.003685957,0.013640497,0.007497917,-0.002375436
1/12/2011,0.01230253,0.015538291,-0.000897129,0.011714443,0.008142748
1/13/2011,-0.001864383,-0.012750455,0.012870398,0.001770876,0.003644846
1/14/2011,0.007955725,0.004059041,0.017434988,0.014685885,0.008105752
1/18/2011,0.004323953,0.012495406,0.003775777,0.011123023,-0.022479034
1/19/2011,0.033417618,-0.006533575,-0.01099537,-0.005964215,-0.00530676
1/20/2011,0.000727417,-0.004018999,0.024283207,-0.006266667,-0.018168885
1/21/2011,-0.001916342,-0.011738811,0.000571265,0.015832551,-0.017931534
1/24/2011,0.026549258,0.012991834,0.003711105,-0.004887069,0.032859953
1/25/2011,0.011351177,0.002198608,0.013936291,0.001194585,0.01169608
1/26/2011,-0.002487086,0.011700183,0.007012623,0.012461885,0.007177737
1/27/2011,0.000191791,0.00325262,0.015041783,0.002749771,-0.001869268
1/28/2011,-0.011569191,-0.038904899,-0.033754116,-0.011230086,-0.020717505
1/31/2011,0.017524573,-0.000749625,0.001988072,0.021394612,0.009591825
2/1/2011,0.009659994,0.009377344,0.005952381,0.040082751,0.0168112
2/2/2011,-0.001573614,-0.001858045,-0.01183432,-0.005967181,-0.002037549
2/3/2011,0.001386963,-0.010424423,0.003992016,0.000375188,-0.00256672
2/4/2011,0.002895996,0.004514673,0.002556092,-0.001875234,0.008918911
2/7/2011,0.004959196,0.015355805,-0.005382436,0.007765531,0.015535331
2/8/2011,0.011493535,0.002950941,0.015380234,-0.006089983,0.009418346
2/9/2011,-0.008460446,-0.011033468,0.000280505,-0.005251969,0.008340873
2/10/2011,-0.003363229,-0.016734846,0.003645541,0.007919547,-0.010122536
2/11/2011,-0.001499813,-0.009077156,0.00474993,-0.004614617,0.006515212
2/14/2011,-0.003817749,-0.000763359,0.002502781,0.025310112,0.006529326
2/15/2011,-0.002324559,-0.004201681,0.003051318,-0.022852255,0.002013198
2/16/2011,0.003400504,0.002301496,0.004424779,0.008629315,0.008985378
2/17/2011,0.005146228,0.007271336,0.008535242,0.002231866,-0.013302727
2/18/2011,0.003683816,-0.005699088,0.007917008,0.007422987,-0.021610561
2/22/2011,-0.017542768,-0.017195262,-0.010292524,0.011175243,-0.03409156
2/23/2011,-0.01095422,-1.11E-16,-0.020799124,0.019067282,0.011863804
2/24/2011,0.003713188,0.006609642,-0.004192286,-0.012632583,0.000732794
2/25/2011,0.009376196,-0.00811124,-0.001683974,-0.007362704,0.015406696
2/28/2011,-0.002464455,0.001168224,0.01068316,0.002188716,0.014509476
3/1/2011,-0.011782592,-0.015947102,-0.01891516,-0.008493084,-0.01103213
3/2/2011,0.001153846,-0.003162055,-0.002835271,0.003303965,0.00802139
3/3/2011,0.020745294,0.004758128,0.024168325,0.008659593,0.021134594
3/4/2011,-0.010099109,-0.009471192,-0.00860633,-0.008585248,0.001228982
3/7/2011,-0.011722958,-0.009163347,-0.009521143,-0.004268813,-0.012888467
3/8/2011,0.014683252,0.007639727,0.011591744,-0.001347379,0.001130454
3/9/2011,0.022053712,-0.000798085,0.017048631,-0.002575739,-0.009259259
3/10/2011,-0.023123532,-0.018769968,-0.015938445,-0.035538613,-0.01644062
3/11/2011,0.002531646,0.010989011,0.00167551,0.009052658,0.015353863
3/14/2011,-0.006439394,0.000402576,-0.012266518,0.003158959,0.004450912
3/15/2011,-0.01467785,-0.01167002,-0.010725374,-0.011966243,-0.023008095
3/16/2011,-0.037853872,-0.024022801,-0.016833096,-0.025624681,-0.04462858
3/17/2011,0.007707775,0,0.002321532,0.023289284,0.014029215
3/18/2011,0.011107416,0.000417188,0.006658946,-0.003835827,-0.011854386
3/21/2011,0.011445862,0.021684737,0.012079379,0.02464382,0.026088805
3/22/2011,0.002081165,-0.00122449,-0.003978403,-0.003382187,0.005594199
3/23/2011,0.009670301,0.009399264,0.009129815,0.000502765,-0.005886855
3/24/2011,0.003213987,0.010526316,0.020356234,0.001633166,0.017054539
3/25/2011,0.013327353,-0.007211538,0.001385425,0.010660981,0.019039301
3/28/2011,-0.004995258,-0.008474576,-0.020475927,-0.001737404,-0.003142498
3/29/2011,0.009405186,0.003256003,0.028531073,-0.002610641,0.001490228
3/30/2011,0.00440695,0.004868154,-0.003295798,0.014832357,-0.006638814
3/31/2011,-0.003259371,-0.008477998,-0.013502342,-0.004175878,-0.000345682
4/1/2011,0.007357565,0.003257329,0.013407821,0.006536754,-0.011324996
4/4/2011,-0.000124852,0.002840909,-0.002480706,0.002205612,-0.009793349
4/5/2011,-0.001560842,0.008903278,0.003592153,0.00648001,-0.006740647
4/6/2011,0.000312656,0.014440433,-0.002753304,-0.002793975,-0.002518966
4/7/2011,0.002062887,0.001977066,0.008834898,0.006821781,0.000118839
4/8/2011,-0.001996257,-0.005130229,-0.009852217,0.002177858,-0.008911862
4/11/2011,-0.000625078,-0.003173344,0.003869541,-0.00917542,-0.012708689
4/12/2011,-0.00425319,-0.013131715,0.004129956,-0.023272816,0.004827105
4/13/2011,0.004271357,-0.000403226,-0.002193584,-0.000249501,0.011209137
4/14/2011,0.006192144,-0.008471158,0.004396812,0.003369104,-0.011025128
4/15/2011,0.007521601,-0.001627339,0.00875513,0.010197737,-0.014924471
4/18/2011,-0.001604146,-0.011409943,-0.010848929,-0.014157331,0.013402441
4/19/2011,-0.003275244,0.002473207,0.000274198,0.008491508,0.018127894
4/20/2011,-0.003906008,0.024259868,0.004660088,0.022040614,0.013465311
4/21/2011,0.021411677,-0.00923324,-0.003819918,0.00823843,0.024197096
4/25/2011,-0.003595369,0.003646677,-0.006299644,-0.001562124,0.006586483
4/26/2011,0.004892667,0.022607994,-0.009371555,0.013960765,-0.007339972
4/27/2011,0.011137484,0.007106198,0.003060657,0.004035608,-0.000773816
4/28/2011,0.002407608,0.0125441,0.003883495,-0.004965126,-0.009694536
4/29/2011,-0.001200913,-0.029423151,-0.008565902,0.007366045,0.009731514
5/2/2011,0.009198028,-0.009972078,0.005574136,-0.011557967,-0.010985859
5/3/2011,0.004229463,0.005640612,0,-0.015511276,0.005539443
5/4/2011,-0.013050184,0.009615385,-0.00443459,-0.0094534,0.003951429
5/5/2011,-0.012621709,-0.01031746,-0.004732739,-0.025816714,-0.008072857
5/6/2011,0.007000243,0.003207698,-0.000559441,0.000879176,-0.000260666
5/9/2011,0.001269419,-0.001598721,-0.000839631,0.005897854,0.002694246
5/10/2011,0.007546486,-0.006004804,0.008403361,0.001871257,0.005345121
5/11/2011,-0.005153095,-0.012082159,-0.001111111,-0.021043457,-0.006351305
5/12/2011,0.016141661,-0.001630656,0.001668521,-0.000890359,-0.001908894
5/13/2011,-0.013455041,-0.011433238,-0.007495836,-0.002164227,-0.017531658
5/16/2011,-0.006248498,-0.018587361,-0.000839161,-0.007782598,-0.021118452
5/17/2011,0.009733978,0.00462963,0.011198208,0.002057349,0.008497047
5/18/2011,-0.00035926,0.006702974,0.00166113,0.016553317,0.011114431
5/19/2011,0.000898473,0.001248439,-0.001934771,0.007195153,0.00192069
5/20/2011,-0.002513465,-0.009143807,-0.008861811,-0.009274345,-0.015572006
5/23/2011,-0.011159107,-0.013003356,-0.006426376,-0.011005693,-0.002456634
5/24/2011,-0.001638151,-0.000849979,-0.007311586,0.007674597,-0.006607202
5/25/2011,-0.001397751,0.001701404,0.002266289,0.008250825,0.013816247
5/26/2011,-0.003407984,0.019957537,-0.011871114,0.005287675,-0.005278225
5/27/2011,0.001893014,0.003330558,-0.005434783,0.002880401,0.007194892
5/31/2011,0.008532943,0.010373444,0.007765315,0.01023976,0.030865851
6/1/2011,-0.014020668,-0.023408624,-0.024257991,-0.017305315,-0.006669746
6/2/2011,-0.002819491,-0.008410429,-0.008774495,-0.008553459,0.001714967
6/3/2011,-0.006269592,-0.012722646,-0.012983181,-0.001776199,-0.007689629
6/6/2011,-0.001793777,0.003865979,-0.009865471,-0.011057448,-0.015732374
6/7/2011,-0.006444417,0.002139495,0.001207729,-0.003598509,-0.017736712
6/8/2011,0.003991518,-0.005123826,-0.006634499,0.009544692,0.000604924
6/9/2011,0.003043856,0.000858369,0.00667881,0.005238278,-0.002267094
6/10/2011,-0.010094754,-0.010291595,-0.025030157,-0.017285206,-0.016844912
6/13/2011,-6.26E-05,0.013864818,0.001237241,-0.00685463,0.002126283
6/14/2011,0.005818682,0.007692308,0.044794563,0.014455007,0.017896679
6/15/2011,-0.010885792,-0.019932146,-0.025133057,-0.021437741,-0.017128874
6/16/2011,0.002075341,0.010817828,0.018198362,0.007215007,-0.004856309
6/17/2011,0.010857286,0.011130137,0.000893655,-0.002604845,-0.015072428
6/20/2011,0.003538834,0.008467401,0.007142857,0.008749021,-0.015428518
6/21/2011,0.007300173,0.011754828,0.01891253,0.010873786,0.031659076
6/22/2011,-0.003255128,-0.004149378,-0.014211137,-0.009348188,-0.008273903
6/23/2011,0.002649578,-0.000833333,0.020594292,-0.017321613,0.026709834
6/24/2011,-0.006329892,-0.013344454,-0.015854713,-0.021178637,-0.014735757
6/27/2011,0.015461686,0.036770921,0.003514938,0.01491735,0.017448838
6/28/2011,0.014251781,0.024052181,0.024226503,0.021848517,0.009709032
6/29/2011,0.00312256,-0.007165605,-0.002279852,0.007904626,-0.003654555
6/30/2011,0.005926369,0.014835605,0.006855184,0.014013885,0.004870569
7/1/2011,0.017436325,0.000790202,0.013900709,0.007734246,0.022619154
7/5/2011,0.005088612,0.000394789,-0.003637381,-0.005032713,0.017993505
7/6/2011,0.012977188,0.011444357,-0.00056164,-0.000379363,0.006667816
7/7/2011,-0.006893778,0.016777214,0.013205957,0.00974067,0.015445669
7/8/2011,5.78E-05,0.005755948,-0.011647255,0.000751691,0.007028988
7/11/2011,-0.008503008,-0.011064479,-0.007295174,-0.006384577,-0.015858391
7/12/2011,-0.005367248,-0.00308642,-0.006783493,-0.000125992,-0.00070924
7/13/2011,0.001525016,0.003095975,0.000569152,0.007308468,0.012065637
7/14/2011,-0.000527086,-0.005787037,-0.00483504,-0.003002252,-0.000701282
7/15/2011,0.007558889,0.011641444,-0.001143184,0.009284818,0.019986526
7/18/2011,-0.001512067,-0.007288071,-0.006294707,-0.004226753,0.02432849
7/19/2011,0.056671909,0.035935085,0.011805356,0.011860175,0.008167652
7/20/2011,-0.008433469,-0.017530772,0.008252703,-0.00394818,0.026676261
7/21/2011,0.006781922,0.001518603,0.008467401,0.020686238,0.000986372
7/22/2011,0.001546022,0.015921152,-0.00531766,0.002305825,0.015533024
7/25/2011,-0.007993825,0.01380597,0.00365785,-0.007628042,0.013227108
7/26/2011,-0.004168056,0.005888848,-0.007289038,-0.002318204,0.012323589
7/27/2011,-0.008650036,-0.026710574,-0.020898051,-0.012596307,-0.026836615
7/28/2011,0.00247692,0.014285714,-0.013267955,-0.022169928,-0.001969763
7/29/2011,0.000280773,-0.011489993,-0.006430868,-0.020519316,-0.003409033
8/1/2011,-0.006062988,-0.004499438,-0.019417476,-0.002327687,0.01604897
8/2/2011,-0.014967523,-0.0173258,-0.04170417,-0.022164614,-0.019744336
8/3/2011,0.004415138,0.004599463,0.004070131,-0.001590668,0.009399613
8/4/2011,-0.041102929,-0.036627242,-0.038041784,-0.04992034,-0.038706541
8/5/2011,0.008751563,-0.00990099,-0.030470016,0.013275573,-0.009953162
8/8/2011,-0.034879603,-0.0468,-0.058843196,-0.061784581,-0.054620719
8/9/2011,0.02635602,0.044901385,0.042273535,0.020579156,0.058885414
8/10/2011,-0.047247378,-0.053815261,-0.054533061,-0.044073167,-0.027577133
8/11/2011,0.025764493,0.040747029,0.05407354,0.052131987,0.027503176
8/12/2011,0.008778882,-0.003670473,0.017783858,0.005871402,0.008814835
8/15/2011,0.028524808,0.016373312,0.028897849,0.031748292,0.01702275
8/16/2011,-0.01016511,-1.11E-16,0.052580013,-0.010625086,-0.007648584
8/17/2011,0.001424671,-0.003624648,0.008687558,0.009065551,-0.000105583
8/18/2011,-0.044635448,-0.023039612,-0.037219317,-0.043400138,-0.037802592
8/19/2011,-0.038344605,-0.025237898,-0.008945687,-0.016182633,-0.027380724
8/22/2011,0.009097361,-0.002971138,0.012572534,0.005433984,0.001156526
8/23/2011,0.033631714,0.031077054,0.025787966,0.049664037,0.048123521
8/24/2011,0.014845973,0.007018993,0.038175047,-0.001669914,0.006908602
8/25/2011,-0.007070584,-0.013120131,-0.01554559,-0.023975467,-0.006540833
8/26/2011,0.021485574,0.02783548,0.004858791,0.011996572,0.026389337
8/29/2011,0.020552885,0.023039612,-0.000302206,0.020462885,0.01665183
8/30/2011,-0.000647745,0.015408929,-0.005139057,-0.002904163,5.15E-05
8/31/2011,-0.003476519,0.014007782,-0.005773321,0.001525659,-0.013236506
9/1/2011,-0.00916509,-0.014581734,-0.013447433,-0.007201219,-0.009864815
9/2/2011,-0.019693263,-0.015965732,-0.022614622,-0.01827312,-0.018318397
9/6/2011,-0.011201071,-0.011080332,-0.004120444,-0.013782325,0.01522352
9/7/2011,0.013359601,0.019207683,0.025461489,0.035153436,0.011028245
9/8/2011,-0.012332928,0.008637613,-0.012414649,-0.011273486,0.000549321
9/9/2011,-0.02349757,-0.018295056,-0.01822753,-0.024915541,-0.017333333
9/12/2011,0.006551181,0.00555115,0.015044814,0.011693374,0.006518211
9/13/2011,0.006195632,0.005914826,0.009776096,-0.002568493,0.012317615
9/14/2011,0.023323796,0.017640141,0.026858214,0.013733906,0.012167737
9/15/2011,0.017018173,0.018489985,0.022201946,0.018910528,0.009390156
9/16/2011,0.017091974,0.004916793,0.009520976,0.00734072,0.019193416
9/19/2011,0.000763852,0.003387279,-0.007368111,-0.011412072,0.027784047
9/20/2011,0.009217943,-0.008627157,0.013361045,0.004172462,0.004416034
9/21/2011,-0.009715516,-0.036700719,-0.027834749,-0.027562327,-0.003157792
9/22/2011,-0.025437669,-0.035742341,-0.023508137,-0.037886341,-0.025049954
9/23/2011,0.004279945,0,0.02037037,0.001036269,0.006173457
9/26/2011,0.030492197,0.015071283,0.008166969,0.034753032,-0.002782125
9/27/2011,0.018348089,0.009229535,-0.00360036,0.016578534,-0.009714784
9/28/2011,-0.000915175,-0.003578529,-0.008130081,-0.011528188,-0.005634511
9/29/2011,0.009160131,-0.00518755,0.005768063,0.025032001,-0.016215122
9/30/2011,-0.023997277,-0.022061773,-0.027467552,-0.016789233,-0.023682181
10/3/2011,-0.009067659,-0.01435603,-0.038795779,-0.020462885,-0.017619637
10/4/2011,0.008388081,0.032875572,0.027768809,0.023627719,-0.005603217
10/5/2011,0.012041184,0.021756648,0.011310085,0.015341309,0.015421531
10/6/2011,0.027416944,0.017350158,0.016464741,-0.000831716,-0.002309959
10/7/2011,0.003804196,-0.003488372,0.016198044,-0.004439512,-0.020066
10/10/2011,0.023240261,0.026448853,0.021954887,0.037068004,0.051409483
10/11/2011,-0.008714597,0.002273588,0.001471454,-0.000134372,0.029523441
10/12/2011,0.006043956,-0.001512287,0.000293858,0.011557586,0.004741834
10/13/2011,0.003768433,0.008330178,-0.009106933,-0.010229839,0.01550678
10/14/2011,0.019859622,0.003004131,0.018677735,0.022818792,0.033244812
10/17/2011,-0.020646607,-0.010482965,-0.011350407,-0.008136483,-0.004783436
10/18/2011,-0.041237675,0.012107454,0.037385929,0.018258799,0.005356417
10/19/2011,-0.008409091,-0.00635514,-0.015039728,-0.005847193,-0.05591894
10/20/2011,-0.0008022,-0.003386005,0.009219245,0.003659652,-0.008314018
10/21/2011,0.024716137,0.004530011,0.031687125,0.01797109,-0.006173467
10/24/2011,0.003413733,0.001127396,-0.004427227,0.000511705,0.032848488
10/25/2011,-0.010373675,-0.014264264,-0.018065592,-0.009078123,-0.01972577
10/26/2011,0.008904418,-0.007996954,0.014152279,0.020516129,0.007119954
10/27/2011,0.021505977,0.024568138,0.018420318,0.009988621,0.010203314
10/28/2011,0.008421283,-0.009741476,-0.02959715,-0.004882323,0.000645225
10/31/2011,-0.015020877,-0.01286417,-0.008754589,-0.041640458,-0.000421606
11/1/2011,-0.017782427,-0.024147183,-0.007407407,-0.02756629,-0.020444114
11/2/2011,0.014180819,0.000785546,0.012629162,0.018898488,0.002279578
11/3/2011,0.018348624,0.020015699,0.012755102,0.019210387,0.014252862
11/4/2011,-0.004884402,-0.010773374,-0.001399384,-0.004289614,-0.007026286
11/7/2011,0.005017452,0.021003501,0.026065022,0.010574413,-0.001279703
11/8/2011,0.003690037,0.013714286,0.016115815,0.011109676,0.016255465
11/9/2011,-0.026762543,-0.035325066,-0.020698925,-0.029640986,-0.026947514
11/10/2011,0.006055219,0.002726919,0.001097996,0.016853193,-0.025457964
11/11/2011,0.021976808,0.024087024,0.02303263,0.01307782,-0.001538181
11/14/2011,-0.000162092,-0.00569044,0.005092469,-0.00958589,-0.013943287
11/15/2011,0.007511483,0.006867608,-0.0048,0.001677636,0.025235674
11/16/2011,-0.011317314,-0.025009473,-0.005894962,-0.01069312,-0.010434693
11/17/2011,-0.004774047,-0.020209872,-0.005929919,-0.004948561,-0.019131887
11/18/2011,-0.002616517,-0.009520032,0.007049892,0.000523492,-0.006546035
11/21/2011,-0.020276548,-0.012014417,-0.02180937,-0.012688031,-0.015830074
11/22/2011,-0.000948343,-0.008107013,0.001101018,-0.011526232,0.020330403
11/23/2011,-0.018538165,-0.013077237,-0.015672257,-0.019032301,-0.025286743
11/25/2011,-0.005006543,-0.007039337,-0.001396648,-0.009154256,-0.009304362
11/28/2011,0.029104008,0.023769808,0.022937063,0.026337562,0.034500856
11/29/2011,-0.007000778,-0.001221996,0.052502051,0.014375924,-0.007770153
11/30/2011,0.039055506,0.029771615,0.006755001,0.045562914,0.024138859
12/1/2011,0.007700592,-0.011881188,0.003096774,-0.008107423,0.014977534
12/2/2011,0.001122215,-0.00240481,0.015178801,0,0.004556398
12/5/2011,0.00619195,0.019284853,0.007349214,0.008301405,0.008504497
12/6/2011,0.011034483,-0.001576665,0.002264151,0.004559848,-0.005238545
12/7/2011,0.005719383,-0.002368733,0.010040161,0.003278275,-0.004752363
12/8/2011,-0.012730213,-0.007914523,-0.020129225,-0.014955385,0.004026534
12/9/2011,0.015589494,0.011966494,0.008115648,0.018372034,0.007583743
12/12/2011,-0.012228119,-0.00748916,-0.004528302,-0.015785517,-0.004541511
12/13/2011,-0.005373229,0.009531374,-0.013393985,0.005982688,-0.007714784
12/14/2011,-0.012711191,-0.006294256,-0.009477459,-0.013539162,-0.022187783
12/15/2011,-0.006598358,-0.001187648,0.007240755,0.007439713,-0.003275571
12/16/2011,-0.020844584,0.017043203,0.025417202,0.001655208,0.00548606
12/19/2011,-0.003695125,-0.017926734,-0.005508262,-0.007881022,0.003136614
12/20/2011,0.023802934,0.019444444,0.043554884,0.031005766,0.035945136
12/21/2011,-0.03081914,-0.010509926,0.001206273,0.013669691,0.001268199
12/22/2011,0.003124128,0.001966955,-0.001927711,0.01409832,0.005294356
12/23/2011,0.014904622,0.008637613,0.004104297,0.011000967,0.011994456
12/27/2011,0.001041153,0.000389257,0.003125751,0.000717446,0.00791813
12/28/2011,-0.00514561,-0.008560311,-0.01653883,-0.012904768,-0.009560513
12/29/2011,0.011885111,0.007849294,0.011698757,0.012952427,0.00616083
12/30/2011,-0.012343665,-0.002336449,0.000722717,-0.005975143,-0.000297479
1/3/2012,0.013158619,0.031225605,0.002407318,0.014666987,0.015374315
1/4/2012,-0.004075644,0.02346707,0.014169068,0.000236967,0.005372799
1/5/2012,-0.004747094,0.01035503,0.008287947,-0.003079839,0.011101125
1/6/2012,-0.011513158,0.015373353,0.00234852,-0.007485741,0.010450702
1/9/2012,-0.00515807,-0.01297765,0.000702905,0.004549264,-0.001569224
1/10/2012,-0.001561019,0.003652301,0.007024116,0.002502681,0.003572024
1/11/2012,0.005583785,-0.004366812,-0.001627528,-0.007370423,-0.001637283
1/12/2012,-0.009717364,0.010233918,-0.001630182,-0.004071856,-0.002733279
1/13/2012,-0.007738028,0.008683068,0.00279916,0.001683502,-0.003741748
1/17/2012,0.004690325,0.00035868,0.005350081,0.009483794,0.011626238
1/18/2012,0.00596209,-0.001075654,0.025913929,0.008919015,0.010404843
1/19/2012,-0.00301929,-0.003948313,0.01195309,0.006718529,-0.003182925
1/20/2012,0.044304862,0.056576577,-0.019835079,0.005268704,-0.017421112
1/23/2012,0.007733204,0.000682128,0.008185539,-0.000232937,0.016917563
1/24/2012,0.010285105,-0.012951602,0.00180424,-0.003261883,-0.016377649
1/25/2012,-0.001054964,0.007596685,0.006753715,0.000467508,0.062444758
1/26/2012,-0.003907488,-0.002056203,-0.006932021,-0.005257009,-0.004541877
1/27/2012,-0.002703562,-0.009271978,-0.001801396,-0.010804463,0.005963002
1/30/2012,0.010684101,0.012824957,-0.002030228,-0.003917844,0.012798347
1/31/2012,0.000525928,-0.002395619,-0.008589512,-0.020500596,0.00767065
2/1/2012,0.00010513,0.012006861,0.001823985,0.002798734,-0.000638022
2/2/2012,-0.005676443,0.002033898,-0.000227583,-0.005339158,-0.002355583
2/3/2012,0.011047679,0.009810555,0.015934441,0.016713432,0.010018315
2/6/2012,-0.004234851,-0.001340034,0.000672194,0.009719222,0.009350899
2/7/2012,0.002730232,0.004696411,0.005821764,0.006892454,0.010476417
2/8/2012,0.001832653,0.010350584,-0.006455922,-0.006373185,0.016729859
2/9/2012,0.000940783,0.003635162,0.002240645,-0.005226274,0.03459464
2/10/2012,-0.003707378,-0.008890352,0.001341382,-0.012656716,0.000509103
2/13/2012,0.001048218,0.002657807,0.013172583,0.00737695,0.018603326
2/14/2012,-0.002094241,-0.004307488,0.002864698,0.0030012,0.013647717
2/15/2012,0.000157398,-0.006655574,-0.007690617,-0.006463196,-0.023143037
2/16/2012,0.004039238,0.041541039,0.004871568,0.015299362,0.009121363
2/17/2012,0.002037618,-0.001286587,0.016967827,0.002491694,-0.000179978
2/21/2012,-0.000156421,0.006119163,0.004550379,0.01100722,0.025361522
2/22/2012,0.002503129,-0.005441741,-0.007549612,0.004097401,-0.003511167
2/23/2012,0.019298793,0.003218539,0.008259074,0.001165909,0.006518548
2/24/2012,0.000765501,0.003208213,0.000646691,0.003610108,0.011669065
2/27/2012,-0.001172871,-0.003837544,-0.001077122,-0.001276398,0.00640163
2/28/2012,0.002297442,0.016372392,0.0064697,-0.000929476,0.01835686
2/29/2012,-0.006316218,-0.004106128,0.007070924,-0.007442726,0.013130252
3/1/2012,0.004049621,0.017443704,-0.002340426,0.003866432,0.00373991
3/2/2012,0.006483892,-0.006546135,-0.001066325,-0.005718954,0.001309625
3/5/2012,0.009282743,-0.008785692,-0.000426985,0.007864773,-0.02205029
3/6/2012,-0.016937227,-0.007597341,-0.014950876,-0.013277428,-0.005443791
3/7/2012,0.002607362,0.008931419,0.021465742,-0.000354108,0.000814409
3/8/2012,0.010300342,0.005374644,0.009127574,-0.011571614,0.021289883
3/9/2012,0.004037753,-0.000628931,0.005889777,-0.006331382,0.00587396
3/12/2012,0.00191022,0.001573317,0.010037641,0.01490743,0.012526711
3/13/2012,0.013847775,0.019792648,0.011387164,0.015280739,0.029164544
3/14/2012,0.004602366,0.003080715,0.006755374,-0.009683818,0.037813566
3/15/2012,0.006256158,0.002457002,-0.005490037,0.000824694,-0.006813614
3/16/2012,4.90E-05,-0.007659314,-0.003066857,0.004002354,1.72E-05
3/19/2012,-0.00141962,-0.012349491,-0.004511895,0.006448587,0.026514827
3/20/2012,-0.007157214,-0.006564551,0.011330861,-0.004543336,0.008086479
3/21/2012,0.002172518,-0.002517306,0.008352007,-0.006787595,-0.005717885
3/22/2012,0.003892201,0.002839117,-0.002222222,-0.007894427,-0.005234031
3/23/2012,-4.91E-05,0.000314564,-0.002834582,0.002612827,-0.005496163
3/26/2012,0.011141104,0.018238994,0.011979695,0.01729448,0.018348778
3/27/2012,-0.002815261,-0.002161828,-0.001805778,-0.004774103,0.012343024
3/28/2012,0.000535436,-0.010213556,-0.002613065,-0.008775009,0.005115633
3/29/2012,0.004719046,-0.002188868,-1.11E-16,0.002596789,-0.012569514
3/30/2012,0.001840015,0.004387339,0.007859734,0.00753473,-0.016895842
4/2/2012,0.003914935,0.000936037,-0.00619876,0.003972891,0.031826329
4/3/2012,0.000144432,-0.010910224,0.000201207,-0.014315642,0.017273008
4/4/2012,-0.016462886,-0.022691459,-0.003017502,-0.009918526,-0.007963232
4/5/2012,-0.002838684,0.009674299,0.015334948,-0.001788909,0.015008687
4/9/2012,-0.002552273,-0.013094858,-0.000794913,-0.011111111,0.004025548
4/10/2012,-0.012744809,-0.02038835,-0.024065235,-0.020418026,-0.012249215
4/11/2012,0.001246075,-0.003964321,0.00794783,0.006413419,-0.003563724
4/12/2012,0.013490641,0.020895522,0.017589972,0.010906863,-0.00546895
4/13/2012,-0.012230463,-0.005523067,0.006556726,-0.007758516,-0.028172421
4/16/2012,-0.000397812,0.008820647,0.014409791,0.012828345,-0.041467543
4/17/2012,0.023331012,0.011658031,0.006421483,0.017129071,0.050965117
4/18/2012,-0.035292402,-0.009603073,-0.004060325,0.003439279,-0.002223723
4/19/2012,-0.003124213,-0.004201681,-0.004853427,-0.00543671,-0.034354674
4/20/2012,0.000454936,0.045439792,-0.001950839,0.000237671,-0.02461833
4/23/2012,-0.00490097,-0.009313878,-0.007036747,0.004514673,-0.002226
4/24/2012,0.00695608,-0.006267628,0.002559055,0.007332939,-0.019990865
4/25/2012,0.017849939,0.008830022,0.013351659,0.006222848,0.088746684
4/26/2012,0.009858318,-0.002813379,-0.000775044,-0.008984831,-0.00377023
4/27/2012,0.005984793,-0.004075235,0.00155129,0.000117744,-0.007734259
4/30/2012,0.001316624,0.001259049,-0.003097773,0.003060984,-0.031544585
5/1/2012,0.004431674,-0.000314367,0.010099048,0.008098592,-0.003164339
5/2/2012,0.000290909,-0.006603774,0.007498558,-0.009663523,0.00660755
5/3/2012,-0.003926131,-0.001266223,-0.004580153,-0.006466024,-0.00709548
5/4/2012,-0.010851582,-0.024405705,-0.00958589,-0.012542894,-0.028481177
5/7/2012,-0.006051065,-0.010721248,-0.011033682,-0.00107849,0.007497823
5/8/2012,-0.007028311,-0.004926108,-0.015071443,-0.005398273,-0.002292567
5/9/2012,-0.001246137,0.008580858,-0.009936407,-0.00844289,0.001767565
5/10/2012,-0.003094276,-0.00065445,0.01003613,0.001216397,0.002346714
5/11/2012,0.002803504,0.013752456,-0.005564388,0.003037298,-0.006671596
5/14/2012,-0.008586691,-0.015503876,-0.008992806,-0.011749031,-0.014992291
5/15/2012,-0.0020142,-0.008858268,-0.024400081,-0.004044613,-0.009031538
5/16/2012,0.003481508,-0.010261503,0.00206697,0.004676348,-0.012817487
5/17/2012,-0.009201529,-0.006020067,-0.035891089,-0.003184713,-0.029241379
5/18/2012,-0.010149708,-0.015141319,0.000641849,-0.005406734,0.000492564
5/21/2012,0.009587285,0.016399043,0.011973487,0.007042254,0.058264377
5/22/2012,-0.004773512,0.000336134,0.013733362,-0.001104159,-0.007676066
5/23/2012,-0.003520767,-0.021841398,0.009795748,0.00110538,0.024396401
5/24/2012,-0.000153618,-0.001374098,0.02002064,0.006993007,-0.0091882
5/25/2012,-0.009167264,-0.000343997,-0.005463375,-0.006457115,-0.005347309
5/29/2012,0.011112834,0.017205781,0.012817904,-0.001839362,0.017735627
5/30/2012,-0.009814947,-0.00744249,-0.001406187,-0.026167076,0.012056439
5/31/2012,-0.008363449,-0.005112474,-0.00744317,-0.01450738,-0.002479668
6/1/2012,-0.019783424,-0.025351148,-0.027969193,-0.008960573,-0.028978201
6/4/2012,-0.002868069,0.003514938,0.016680567,-0.00116249,0.00588983
6/5/2012,0.0035155,-0.001401051,0.003281378,-0.002974266,-0.00259842
6/6/2012,0.025318471,0.029463346,0.034341783,0.033203632,0.015345634
6/7/2012,0.002277786,-0.004088586,0.012648221,0.006402209,0.000456926
6/8/2012,0.003615516,0.014368799,0.021662763,0.001871024,0.015036537
6/11/2012,-0.013483609,-0.02529511,-0.019102197,-0.007096614,-0.01576561
6/12/2012,0.010590015,0.01349481,0.017332035,0.012413793,0.008738769
6/13/2012,-0.007433409,-0.005462615,-0.024310873,-0.007802824,-0.006954854
6/14/2012,0.01034949,0.007209063,0.023347067,0.018599426,-0.001088273
6/15/2012,0.020486951,0.023176551,-0.005559816,0.013235294,0.004551125
6/18/2012,-0.004035309,-0.005996003,0.008675535,-0.001330431,0.020291072
6/19/2012,0.003190681,0.028820375,0.012423547,0.016470873,0.002777397
6/20/2012,-0.00075727,0.007491857,-0.002643005,0.005838198,-0.002838092
6/21/2012,-0.027080281,-0.025541545,-0.029717963,-0.033641317,-0.013785063
6/22/2012,0.001609804,0.01857996,0.014826375,0,0.007666898
6/25/2012,-0.004355039,-0.027035831,-0.009611688,-0.010541799,-0.019461362
6/26/2012,-0.004738596,0.005021761,0.006987578,0.014246779,0.002199426
6/27/2012,0.005493643,0.004996669,-0.006360833,0.009649444,0.004318972
6/28/2012,-0.008273494,-0.008617832,0.00271581,-0.001209775,-0.009474862
6/29/2012,0.021826958,0.022734871,0.025149932,0.029796512,0.026260986
7/2/2012,0.001283697,-0.000980713,0.00037743,-0.002705246,0.014600172
7/3/2012,0.000512821,0.006544503,-0.025655537,0.010968275,0.011627316
7/5/2012,-0.003280369,-0.001950585,0.008906099,-0.008166122,0.017558851
7/6/2012,-0.019849841,-0.016612378,0.000767607,-0.009056693,-0.006652067
7/9/2012,-0.009129066,-0.006293475,-0.000575264,-0.013531157,0.013227469
7/10/2012,-0.017949804,-0.008666667,0.001918649,-0.006497413,-0.009259411
7/11/2012,-0.005445625,-0.014794889,-0.010532363,0.015380889,-0.006208616
7/12/2012,-0.011655643,-0.022866894,-0.002322431,-0.003101145,-0.009155105
7/13/2012,0.015961823,0.026545582,0.010475267,0.016032544,0.01012845
7/16/2012,-0.006586762,0.001701259,-0.012286427,-0.004945831,0.003220558
7/17/2012,-0.006141304,0.007472826,-0.014188533,0.008047337,4.96E-05
7/18/2012,0.025045114,0.026635199,0.003746057,0.005517727,-0.001125176
7/19/2012,0.037663377,0.007224959,0.000982125,0,0.013285404
7/20/2012,-0.014806437,-0.017932833,-0.005102041,-0.002918856,-0.016299106
7/23/2012,-0.008401607,-0.027888446,0.005128205,-0.008665105,-0.000781094
7/24/2012,-0.002578676,-0.004439891,0.004120879,-0.007441531,-0.004823285
7/25/2012,0.003904395,-0.010977702,-0.00195427,0.007854338,-0.043185427
7/26/2012,0.015031271,0.01144641,0.03602898,0.014995867,-0.000157202
7/27/2012,0.012582199,0.020576132,0.015120015,0.010818986,0.017888963
7/30/2012,0.001431786,-0.004032258,-0.008564513,0.00115088,0.016870902
7/31/2012,-0.003523284,-0.005735493,-0.020093897,-0.008046902,0.026430826
8/1/2012,-0.004099411,-0.002035969,-0.009582215,0.00069533,-0.006462221
8/2/2012,-0.00375611,-0.007480449,-0.005611455,-0.011812391,0.001605376
8/3/2012,0.020968908,0.019184652,0.017513135,0.019336693,0.013020704
8/6/2012,0.001163497,0.006722689,-0.005545993,-0.001034721,0.011124341
8/7/2012,0.005911778,0.010350584,0.007692308,0.00529405,-0.002629499
8/8/2012,-0.000251155,0.002313285,0.007442748,0.004121351,-0.001698315
8/9/2012,-0.003064865,0.005605012,0.006819473,0.005586592,0.005703083
8/10/2012,0.004384639,-0.002622951,-0.001693321,0.002721088,0.001562676
8/13/2012,-0.001404988,-0.000986193,-0.004523181,-0.00339213,0.013350491
8/14/2012,-0.003617909,-0.008555446,0.035781901,0.000680735,0.00268254
